"","type","name","crs.type","crs.name","features.type","features.geometry","Hari_ke","Tanggal","Jumlah_Kasus_Kumulatif","Jumlah_Pasien_Sembuh","Jumlah_Pasien_Meninggal","Jumlah_pasien_dalam_perawatan","Jumlah_Kasus_Baru_per_Hari","Jumlah_Kasus_Sembuh_per_Hari","Jumlah_Kasus_Meninggal_per_Hari","Jumlah_Kasus_Dirawat_per_Hari","Persentase_Pasien_Sembuh","Persentase_Pasien_Meninggal","Persentase_Pasien_dalam_Perawatan","Jumlah_Spesimen_Diperiksa","Jumlah_Kasus_Diperiksa","Jumlah_Negatif","Spesimen_Diperiksa_Baru_Harian","Kasus_Diperiksa_Baru_Harian","PDP","ODP","Penambahan_Kasus_Terkonfirmasi_Terkini","Kasus_Sedang_Investigasi_Lapangan","Jumlah_Spesimen_Diperiksa_Terkini","Jumlah_Kasus_Diperiksa_Terkini","Spesimen_Diperiksa_Baru_Harian_Terkini","Hasil_Positif_Terkini","Hasil_Negatif_Terkini","PDP_Terkini","ODP_Terkini","Jumlah_Provinsi_Terdampak","Jumlah_KabKot_Terdampak","Pembaruan_Terakhir","FID"
"1","FeatureCollection","Statistik_Perkembangan_COVID-19_Indonesia","name","urn:ogc:def:crs:OGC:1.3:CRS84","Feature",NA,1,"2020/03/02 00:00:00+00",2,0,0,2,2,0,0,2,0,0,100,NA,339,335,NA,NA,NA,NA,1492,0,1381699,796950,20492,98778,698172,13882,38705,34,471,"2020/07/27 09:02:00+00",1
"2","FeatureCollection","Statistik_Perkembangan_COVID-19_Indonesia","name","urn:ogc:def:crs:OGC:1.3:CRS84","Feature",NA,52,"2020/04/22 00:00:00+00",7418,913,635,5870,283,71,19,193,12.3078997,8.56025883,79.13184147,55732,47361,39943,5362,1188,17754,193571,NA,NA,NA,NA,NA,NA,NA,NA,NA,NA,NA,"1970/01/01 00:00:00+00",2
"3","FeatureCollection","Statistik_Perkembangan_COVID-19_Indonesia","name","urn:ogc:def:crs:OGC:1.3:CRS84","Feature",NA,2,"2020/03/03 00:00:00+00",2,0,0,2,0,0,0,0,0,0,100,NA,341,337,NA,2,NA,NA,NA,NA,NA,NA,NA,NA,NA,NA,NA,NA,NA,"1970/01/01 00:00:00+00",3
"4","FeatureCollection","Statistik_Perkembangan_COVID-19_Indonesia","name","urn:ogc:def:crs:OGC:1.3:CRS84","Feature",NA,53,"2020/04/23 00:00:00+00",7775,960,647,6168,357,47,12,298,12.34726688,8.321543408,79.33118971,59935,48647,40872,4203,1286,18283,195948,NA,NA,NA,NA,NA,NA,NA,NA,NA,NA,NA,"1970/01/01 00:00:00+00",4
"5","FeatureCollection","Statistik_Perkembangan_COVID-19_Indonesia","name","urn:ogc:def:crs:OGC:1.3:CRS84","Feature",NA,54,"2020/04/24 00:00:00+00",8211,1002,689,6520,436,42,42,352,12.20314213,8.39118256,79.40567531,64054,50563,42352,4119,1916,18301,197951,NA,NA,NA,NA,NA,NA,NA,NA,NA,NA,NA,"1970/01/01 00:00:00+00",5
"6","FeatureCollection","Statistik_Perkembangan_COVID-19_Indonesia","name","urn:ogc:def:crs:OGC:1.3:CRS84","Feature",NA,3,"2020/03/04 00:00:00+00",2,0,0,2,0,0,0,0,0,0,100,NA,372,356,NA,31,NA,NA,NA,NA,NA,NA,NA,NA,NA,NA,NA,NA,NA,"1970/01/01 00:00:00+00",6
"7","FeatureCollection","Statistik_Perkembangan_COVID-19_Indonesia","name","urn:ogc:def:crs:OGC:1.3:CRS84","Feature",NA,55,"2020/04/25 00:00:00+00",8607,1042,720,6845,396,40,31,325,12.106425,8.365284071,79.52829093,67828,52541,43934,3774,1978,19084,206911,NA,NA,NA,NA,NA,NA,NA,NA,NA,NA,NA,"1970/01/01 00:00:00+00",7
"8","FeatureCollection","Statistik_Perkembangan_COVID-19_Indonesia","name","urn:ogc:def:crs:OGC:1.3:CRS84","Feature",NA,4,"2020/03/05 00:00:00+00",2,0,0,2,0,0,0,0,0,0,100,NA,388,371,NA,16,NA,NA,NA,NA,NA,NA,NA,NA,NA,NA,NA,NA,NA,"1970/01/01 00:00:00+00",8
"9","FeatureCollection","Statistik_Perkembangan_COVID-19_Indonesia","name","urn:ogc:def:crs:OGC:1.3:CRS84","Feature",NA,5,"2020/03/06 00:00:00+00",4,0,0,4,2,0,0,2,0,0,100,NA,450,422,NA,62,NA,NA,NA,NA,NA,NA,NA,NA,NA,NA,NA,NA,NA,"1970/01/01 00:00:00+00",9
"10","FeatureCollection","Statistik_Perkembangan_COVID-19_Indonesia","name","urn:ogc:def:crs:OGC:1.3:CRS84","Feature",NA,56,"2020/04/26 00:00:00+00",8882,1107,743,7032,275,65,23,187,12.46340914,8.365233056,79.1713578,72099,56974,48092,4271,4433,19648,209040,NA,NA,NA,NA,NA,NA,NA,NA,NA,NA,NA,"1970/01/01 00:00:00+00",10
"11","FeatureCollection","Statistik_Perkembangan_COVID-19_Indonesia","name","urn:ogc:def:crs:OGC:1.3:CRS84","Feature",NA,57,"2020/04/27 00:00:00+00",9096,1151,765,7180,214,44,22,148,12.65391381,8.410290237,78.93579595,75157,59409,50313,3058,2435,19987,210199,NA,NA,NA,NA,NA,NA,NA,NA,NA,NA,NA,"1970/01/01 00:00:00+00",11
"12","FeatureCollection","Statistik_Perkembangan_COVID-19_Indonesia","name","urn:ogc:def:crs:OGC:1.3:CRS84","Feature",NA,6,"2020/03/07 00:00:00+00",4,0,0,4,0,0,0,0,0,0,100,NA,454,422,NA,4,NA,NA,NA,NA,NA,NA,NA,NA,NA,NA,NA,NA,NA,"1970/01/01 00:00:00+00",12
"13","FeatureCollection","Statistik_Perkembangan_COVID-19_Indonesia","name","urn:ogc:def:crs:OGC:1.3:CRS84","Feature",NA,7,"2020/03/08 00:00:00+00",6,0,0,6,2,0,0,2,0,0,100,NA,483,445,NA,29,NA,NA,NA,NA,NA,NA,NA,NA,NA,NA,NA,NA,NA,"1970/01/01 00:00:00+00",13
"14","FeatureCollection","Statistik_Perkembangan_COVID-19_Indonesia","name","urn:ogc:def:crs:OGC:1.3:CRS84","Feature",NA,58,"2020/04/28 00:00:00+00",9511,1254,773,7484,415,103,8,304,13.18473347,8.127431395,78.68783514,79618,62544,53033,4461,3135,20428,213644,NA,NA,NA,NA,NA,NA,NA,NA,NA,NA,NA,"1970/01/01 00:00:00+00",14
"15","FeatureCollection","Statistik_Perkembangan_COVID-19_Indonesia","name","urn:ogc:def:crs:OGC:1.3:CRS84","Feature",NA,59,"2020/04/29 00:00:00+00",9771,1391,784,7596,260,137,11,112,14.2360045,8.023743731,77.74025177,86985,67784,58013,7367,524,21653,221750,NA,NA,NA,NA,NA,NA,NA,NA,NA,NA,NA,"1970/01/01 00:00:00+00",15
"16","FeatureCollection","Statistik_Perkembangan_COVID-19_Indonesia","name","urn:ogc:def:crs:OGC:1.3:CRS84","Feature",NA,8,"2020/03/09 00:00:00+00",19,0,0,19,13,0,0,13,0,0,100,NA,543,487,NA,60,NA,NA,NA,NA,NA,NA,NA,NA,NA,NA,NA,NA,NA,"1970/01/01 00:00:00+00",16
"17","FeatureCollection","Statistik_Perkembangan_COVID-19_Indonesia","name","urn:ogc:def:crs:OGC:1.3:CRS84","Feature",NA,9,"2020/03/10 00:00:00+00",27,2,0,25,8,2,0,6,7.407407407,0,92.59259259,NA,694,648,NA,151,NA,NA,NA,NA,NA,NA,NA,NA,NA,NA,NA,NA,NA,"1970/01/01 00:00:00+00",17
"18","FeatureCollection","Statistik_Perkembangan_COVID-19_Indonesia","name","urn:ogc:def:crs:OGC:1.3:CRS84","Feature",NA,60,"2020/04/30 00:00:00+00",10118,1522,792,7804,347,131,8,208,15.04249852,7.82763392,77.12986756,94599,72531,60233,7614,4567,21827,230411,NA,NA,NA,NA,NA,NA,NA,NA,NA,NA,NA,"1970/01/01 00:00:00+00",18
"19","FeatureCollection","Statistik_Perkembangan_COVID-19_Indonesia","name","urn:ogc:def:crs:OGC:1.3:CRS84","Feature",NA,61,"2020/05/01 00:00:00+00",10551,1591,800,8160,433,69,8,356,15.07913942,7.582219695,77.33864089,102305,76538,65987,7706,4187,22123,233120,NA,NA,NA,NA,NA,NA,NA,NA,NA,NA,NA,"1970/01/01 00:00:00+00",19
"20","FeatureCollection","Statistik_Perkembangan_COVID-19_Indonesia","name","urn:ogc:def:crs:OGC:1.3:CRS84","Feature",NA,10,"2020/03/11 00:00:00+00",34,2,1,31,7,0,1,6,5.882352941,2.941176471,91.17647059,NA,793,744,NA,99,NA,NA,NA,NA,NA,NA,NA,NA,NA,NA,NA,NA,NA,"1970/01/01 00:00:00+00",20
"21","FeatureCollection","Statistik_Perkembangan_COVID-19_Indonesia","name","urn:ogc:def:crs:OGC:1.3:CRS84","Feature",NA,11,"2020/03/12 00:00:00+00",34,2,1,31,0,0,0,0,5.882352941,2.941176471,91.17647059,NA,862,811,NA,69,NA,NA,NA,NA,NA,NA,NA,NA,NA,NA,NA,NA,NA,"1970/01/01 00:00:00+00",21
"22","FeatureCollection","Statistik_Perkembangan_COVID-19_Indonesia","name","urn:ogc:def:crs:OGC:1.3:CRS84","Feature",NA,62,"2020/05/02 00:00:00+00",10843,1665,831,8347,292,74,31,187,15.35552891,7.663930647,76.98054044,107943,79868,69025,5638,333,22545,235035,NA,NA,NA,NA,NA,NA,NA,NA,NA,NA,NA,"1970/01/01 00:00:00+00",22
"23","FeatureCollection","Statistik_Perkembangan_COVID-19_Indonesia","name","urn:ogc:def:crs:OGC:1.3:CRS84","Feature",NA,63,"2020/05/03 00:00:00+00",11192,1876,845,8471,349,211,14,124,16.76197284,7.55003574,75.68799142,112965,83012,71820,5022,3144,23130,236369,NA,NA,NA,NA,NA,NA,NA,NA,NA,NA,NA,"1970/01/01 00:00:00+00",23
"24","FeatureCollection","Statistik_Perkembangan_COVID-19_Indonesia","name","urn:ogc:def:crs:OGC:1.3:CRS84","Feature",NA,12,"2020/03/13 00:00:00+00",69,2,4,63,35,0,3,32,2.898550725,5.797101449,91.30434783,NA,1005,917,NA,143,NA,NA,NA,NA,NA,NA,NA,NA,NA,NA,NA,NA,NA,"1970/01/01 00:00:00+00",24
"25","FeatureCollection","Statistik_Perkembangan_COVID-19_Indonesia","name","urn:ogc:def:crs:OGC:1.3:CRS84","Feature",NA,13,"2020/03/14 00:00:00+00",96,8,5,83,27,6,1,20,8.333333333,5.208333333,86.45833333,NA,1205,1109,NA,200,NA,NA,NA,NA,NA,NA,NA,NA,NA,NA,NA,NA,NA,"1970/01/01 00:00:00+00",25
"26","FeatureCollection","Statistik_Perkembangan_COVID-19_Indonesia","name","urn:ogc:def:crs:OGC:1.3:CRS84","Feature",NA,64,"2020/05/04 00:00:00+00",11587,1954,864,8769,395,78,19,298,16.86372659,7.456632433,75.67964098,116861,86061,74474,3896,3049,24020,238178,NA,NA,NA,NA,NA,NA,NA,NA,NA,NA,NA,"1970/01/01 00:00:00+00",26
"27","FeatureCollection","Statistik_Perkembangan_COVID-19_Indonesia","name","urn:ogc:def:crs:OGC:1.3:CRS84","Feature",NA,65,"2020/05/05 00:00:00+00",12071,2197,872,9002,484,243,8,233,18.20064618,7.22392511,74.57542871,121547,88924,76853,4686,2863,26408,239226,NA,NA,NA,NA,NA,NA,NA,NA,NA,NA,NA,"1970/01/01 00:00:00+00",27
"28","FeatureCollection","Statistik_Perkembangan_COVID-19_Indonesia","name","urn:ogc:def:crs:OGC:1.3:CRS84","Feature",NA,14,"2020/03/15 00:00:00+00",117,8,5,104,21,0,0,21,6.837606838,4.273504274,88.88888889,NA,1293,1167,NA,88,NA,NA,NA,NA,NA,NA,NA,NA,NA,NA,NA,NA,NA,"1970/01/01 00:00:00+00",28
"29","FeatureCollection","Statistik_Perkembangan_COVID-19_Indonesia","name","urn:ogc:def:crs:OGC:1.3:CRS84","Feature",NA,15,"2020/03/16 00:00:00+00",134,8,5,121,17,0,0,17,5.970149254,3.731343284,90.29850746,NA,1230,1083,NA,NA,NA,NA,NA,NA,NA,NA,NA,NA,NA,NA,NA,NA,NA,"1970/01/01 00:00:00+00",29
"30","FeatureCollection","Statistik_Perkembangan_COVID-19_Indonesia","name","urn:ogc:def:crs:OGC:1.3:CRS84","Feature",NA,66,"2020/05/06 00:00:00+00",12438,2317,895,9226,367,120,23,224,18.62839685,7.195690626,74.17591253,128383,92976,80538,6836,4052,26932,240726,NA,NA,NA,NA,NA,NA,NA,NA,NA,NA,NA,"1970/01/01 00:00:00+00",30
"31","FeatureCollection","Statistik_Perkembangan_COVID-19_Indonesia","name","urn:ogc:def:crs:OGC:1.3:CRS84","Feature",NA,67,"2020/05/07 00:00:00+00",12776,2381,930,9465,338,64,35,239,18.63650595,7.279273638,74.08422041,134151,96717,83941,5768,3741,28508,243455,NA,NA,NA,NA,NA,NA,NA,NA,NA,NA,NA,"1970/01/01 00:00:00+00",31
"32","FeatureCollection","Statistik_Perkembangan_COVID-19_Indonesia","name","urn:ogc:def:crs:OGC:1.3:CRS84","Feature",NA,16,"2020/03/17 00:00:00+00",172,9,5,158,38,1,0,37,5.23255814,2.906976744,91.86046512,NA,1372,1178,NA,120,NA,NA,NA,NA,NA,NA,NA,NA,NA,NA,NA,NA,NA,"1970/01/01 00:00:00+00",32
"33","FeatureCollection","Statistik_Perkembangan_COVID-19_Indonesia","name","urn:ogc:def:crs:OGC:1.3:CRS84","Feature",NA,17,"2020/03/18 00:00:00+00",227,11,19,197,55,2,14,39,4.845814978,8.370044053,86.78414097,NA,1592,1342,NA,197,NA,NA,NA,NA,NA,NA,NA,NA,NA,NA,NA,NA,NA,"1970/01/01 00:00:00+00",33
"34","FeatureCollection","Statistik_Perkembangan_COVID-19_Indonesia","name","urn:ogc:def:crs:OGC:1.3:CRS84","Feature",NA,68,"2020/05/08 00:00:00+00",13112,2494,943,9675,336,113,13,210,19.02074436,7.191885296,73.78737035,143781,103361,90249,9301,6644,29087,244480,NA,NA,NA,NA,NA,NA,NA,NA,NA,NA,NA,"1970/01/01 00:00:00+00",34
"35","FeatureCollection","Statistik_Perkembangan_COVID-19_Indonesia","name","urn:ogc:def:crs:OGC:1.3:CRS84","Feature",NA,69,"2020/05/09 00:00:00+00",13645,2607,959,10079,533,113,16,404,19.1058996,7.028215464,73.86588494,150887,108699,95054,7435,5338,29690,246847,NA,NA,NA,NA,NA,NA,NA,NA,NA,NA,NA,"1970/01/01 00:00:00+00",35
"36","FeatureCollection","Statistik_Perkembangan_COVID-19_Indonesia","name","urn:ogc:def:crs:OGC:1.3:CRS84","Feature",NA,18,"2020/03/19 00:00:00+00",309,15,25,269,82,4,6,72,4.854368932,8.090614887,87.05501618,NA,1898,1570,NA,287,NA,NA,NA,NA,NA,NA,NA,NA,NA,NA,NA,NA,NA,"1970/01/01 00:00:00+00",36
"37","FeatureCollection","Statistik_Perkembangan_COVID-19_Indonesia","name","urn:ogc:def:crs:OGC:1.3:CRS84","Feature",NA,19,"2020/03/20 00:00:00+00",369,17,32,320,60,2,7,51,4.60704607,8.672086721,86.72086721,NA,2028,1643,NA,112,NA,NA,NA,NA,NA,NA,NA,NA,NA,NA,NA,NA,NA,"1970/01/01 00:00:00+00",37
"38","FeatureCollection","Statistik_Perkembangan_COVID-19_Indonesia","name","urn:ogc:def:crs:OGC:1.3:CRS84","Feature",NA,70,"2020/05/10 00:00:00+00",14032,2698,973,10361,387,91,14,282,19.22748005,6.934150513,73.83836944,158273,113452,99420,7386,4753,30317,248690,NA,NA,NA,NA,NA,NA,NA,NA,NA,NA,NA,"1970/01/01 00:00:00+00",38
"39","FeatureCollection","Statistik_Perkembangan_COVID-19_Indonesia","name","urn:ogc:def:crs:OGC:1.3:CRS84","Feature",NA,71,"2020/05/11 00:00:00+00",14265,2881,991,10393,233,183,18,32,20.19628461,6.947073256,72.85664213,161351,116358,102093,3078,2906,31994,249105,NA,NA,NA,NA,NA,NA,NA,NA,NA,NA,NA,"1970/01/01 00:00:00+00",39
"40","FeatureCollection","Statistik_Perkembangan_COVID-19_Indonesia","name","urn:ogc:def:crs:OGC:1.3:CRS84","Feature",NA,20,"2020/03/21 00:00:00+00",450,20,38,392,81,3,6,72,4.444444444,8.444444444,87.11111111,NA,2365,1895,NA,317,NA,NA,NA,NA,NA,NA,NA,NA,NA,NA,NA,NA,NA,"1970/01/01 00:00:00+00",40
"41","FeatureCollection","Statistik_Perkembangan_COVID-19_Indonesia","name","urn:ogc:def:crs:OGC:1.3:CRS84","Feature",NA,21,"2020/03/22 00:00:00+00",514,29,48,437,64,9,10,45,5.642023346,9.338521401,85.01945525,NA,2438,1904,NA,53,NA,NA,NA,NA,NA,NA,NA,NA,NA,NA,NA,NA,NA,"1970/01/01 00:00:00+00",41
"42","FeatureCollection","Statistik_Perkembangan_COVID-19_Indonesia","name","urn:ogc:def:crs:OGC:1.3:CRS84","Feature",NA,72,"2020/05/12 00:00:00+00",14749,3063,1007,10679,484,182,16,286,20.76750966,6.827581531,72.40490881,165128,119728,104979,3777,337,32147,251861,NA,NA,NA,NA,NA,NA,NA,NA,NA,NA,NA,"1970/01/01 00:00:00+00",42
"43","FeatureCollection","Statistik_Perkembangan_COVID-19_Indonesia","name","urn:ogc:def:crs:OGC:1.3:CRS84","Feature",NA,73,"2020/05/13 00:00:00+00",15438,3287,1028,11123,689,224,21,444,21.29161809,6.658893639,72.04948828,169195,123572,108134,4067,3844,33042,256299,NA,NA,NA,NA,NA,NA,NA,NA,NA,NA,NA,"1970/01/01 00:00:00+00",43
"44","FeatureCollection","Statistik_Perkembangan_COVID-19_Indonesia","name","urn:ogc:def:crs:OGC:1.3:CRS84","Feature",NA,22,"2020/03/23 00:00:00+00",579,30,49,500,65,1,1,63,5.18134715,8.462867012,86.35578584,NA,2756,2177,NA,318,NA,NA,NA,NA,NA,NA,NA,NA,NA,NA,NA,NA,NA,"1970/01/01 00:00:00+00",44
"45","FeatureCollection","Statistik_Perkembangan_COVID-19_Indonesia","name","urn:ogc:def:crs:OGC:1.3:CRS84","Feature",NA,23,"2020/03/24 00:00:00+00",686,30,55,601,106,0,6,101,4.373177843,8.017492711,87.60932945,NA,3332,2625,NA,554,NA,NA,NA,NA,NA,NA,NA,NA,NA,NA,NA,NA,NA,"1970/01/01 00:00:00+00",45
"46","FeatureCollection","Statistik_Perkembangan_COVID-19_Indonesia","name","urn:ogc:def:crs:OGC:1.3:CRS84","Feature",NA,74,"2020/05/14 00:00:00+00",16006,3518,1043,11445,568,231,15,322,21.97925778,6.516306385,71.50443584,173690,127813,111807,4495,4241,33672,258639,NA,NA,NA,NA,NA,NA,NA,NA,NA,NA,NA,"1970/01/01 00:00:00+00",46
"47","FeatureCollection","Statistik_Perkembangan_COVID-19_Indonesia","name","urn:ogc:def:crs:OGC:1.3:CRS84","Feature",NA,75,"2020/05/15 00:00:00+00",16496,3803,1076,11617,490,285,33,172,23.05407371,6.522793404,70.42313288,178602,132060,115564,4912,4247,34360,262919,NA,NA,NA,NA,NA,NA,NA,NA,NA,NA,NA,"1970/01/01 00:00:00+00",47
"48","FeatureCollection","Statistik_Perkembangan_COVID-19_Indonesia","name","urn:ogc:def:crs:OGC:1.3:CRS84","Feature",NA,24,"2020/03/25 00:00:00+00",790,31,58,701,105,1,3,100,3.924050633,7.341772152,88.73417722,NA,3822,3032,NA,490,NA,NA,NA,NA,NA,NA,NA,NA,NA,NA,NA,NA,NA,"1970/01/01 00:00:00+00",48
"49","FeatureCollection","Statistik_Perkembangan_COVID-19_Indonesia","name","urn:ogc:def:crs:OGC:1.3:CRS84","Feature",NA,76,"2020/05/16 00:00:00+00",17025,3911,1089,12025,529,108,13,408,22.97209985,6.396475771,70.63142438,182818,135726,118701,4216,3665,35069,269449,NA,NA,NA,NA,NA,NA,NA,NA,NA,NA,NA,"1970/01/01 00:00:00+00",49
"50","FeatureCollection","Statistik_Perkembangan_COVID-19_Indonesia","name","urn:ogc:def:crs:OGC:1.3:CRS84","Feature",NA,25,"2020/03/26 00:00:00+00",893,35,78,780,103,4,20,79,3.9193729,8.734602464,87.34602464,NA,4336,3443,NA,514,NA,NA,NA,NA,NA,NA,NA,NA,NA,NA,NA,NA,NA,"1970/01/01 00:00:00+00",50
"51","FeatureCollection","Statistik_Perkembangan_COVID-19_Indonesia","name","urn:ogc:def:crs:OGC:1.3:CRS84","Feature",NA,77,"2020/05/17 00:00:00+00",17514,4129,1148,12237,489,218,59,212,23.57542537,6.554756195,69.86981843,187965,140473,122959,5147,4748,35800,270876,NA,NA,NA,NA,NA,NA,NA,NA,NA,NA,NA,"1970/01/01 00:00:00+00",51
"52","FeatureCollection","Statistik_Perkembangan_COVID-19_Indonesia","name","urn:ogc:def:crs:OGC:1.3:CRS84","Feature",NA,26,"2020/03/27 00:00:00+00",1046,46,87,913,153,11,9,133,4.397705545,8.317399618,87.28489484,NA,5775,4729,NA,1439,NA,NA,NA,NA,NA,NA,NA,NA,NA,NA,NA,NA,NA,"1970/01/01 00:00:00+00",52
"53","FeatureCollection","Statistik_Perkembangan_COVID-19_Indonesia","name","urn:ogc:def:crs:OGC:1.3:CRS84","Feature",NA,78,"2020/05/18 00:00:00+00",18010,4324,1191,12495,496,195,43,258,24.00888395,6.612992782,69.37812326,190660,143035,125025,2695,2562,11422,45047,NA,NA,NA,NA,NA,NA,NA,NA,NA,NA,NA,"1970/01/01 00:00:00+00",53
"54","FeatureCollection","Statistik_Perkembangan_COVID-19_Indonesia","name","urn:ogc:def:crs:OGC:1.3:CRS84","Feature",NA,27,"2020/03/28 00:00:00+00",1155,59,102,994,109,13,15,81,5.108225108,8.831168831,86.06060606,NA,6266,5111,NA,491,NA,NA,NA,NA,NA,NA,NA,NA,NA,NA,NA,NA,NA,"1970/01/01 00:00:00+00",54
"55","FeatureCollection","Statistik_Perkembangan_COVID-19_Indonesia","name","urn:ogc:def:crs:OGC:1.3:CRS84","Feature",NA,79,"2020/05/19 00:00:00+00",18496,4467,1221,12808,486,143,30,313,24.15116782,6.601427336,69.24740484,202936,147799,129303,12276,4764,11891,45300,NA,NA,NA,NA,NA,NA,NA,NA,NA,NA,NA,"1970/01/01 00:00:00+00",55
"56","FeatureCollection","Statistik_Perkembangan_COVID-19_Indonesia","name","urn:ogc:def:crs:OGC:1.3:CRS84","Feature",NA,28,"2020/03/29 00:00:00+00",1285,64,114,1107,130,5,12,113,4.980544747,8.871595331,86.14785992,NA,6534,5249,NA,268,NA,NA,NA,NA,NA,NA,NA,NA,NA,NA,NA,NA,NA,"1970/01/01 00:00:00+00",56
"57","FeatureCollection","Statistik_Perkembangan_COVID-19_Indonesia","name","urn:ogc:def:crs:OGC:1.3:CRS84","Feature",NA,80,"2020/05/20 00:00:00+00",19189,4575,1242,13372,693,108,21,564,23.84178436,6.472458179,69.68575747,211883,154139,134950,8947,634,11705,44703,NA,NA,NA,NA,NA,NA,NA,NA,NA,NA,NA,"1970/01/01 00:00:00+00",57
"58","FeatureCollection","Statistik_Perkembangan_COVID-19_Indonesia","name","urn:ogc:def:crs:OGC:1.3:CRS84","Feature",NA,29,"2020/03/30 00:00:00+00",1414,75,122,1217,129,11,8,110,5.304101839,8.628005658,86.0678925,NA,6663,5249,NA,129,NA,NA,NA,NA,NA,NA,NA,NA,NA,NA,NA,NA,NA,"1970/01/01 00:00:00+00",58
"59","FeatureCollection","Statistik_Perkembangan_COVID-19_Indonesia","name","urn:ogc:def:crs:OGC:1.3:CRS84","Feature",NA,81,"2020/05/21 00:00:00+00",20162,4838,1278,14046,973,263,36,674,23.99563535,6.338656879,69.66570777,219975,160374,140212,8092,6235,11066,50187,NA,NA,NA,NA,NA,NA,NA,NA,NA,NA,NA,"1970/01/01 00:00:00+00",59
"60","FeatureCollection","Statistik_Perkembangan_COVID-19_Indonesia","name","urn:ogc:def:crs:OGC:1.3:CRS84","Feature",NA,30,"2020/03/31 00:00:00+00",1528,81,136,1311,114,6,14,94,5.30104712,8.90052356,85.79842932,NA,6777,5249,NA,114,NA,NA,NA,NA,NA,NA,NA,NA,NA,NA,NA,NA,NA,"1970/01/01 00:00:00+00",60
"61","FeatureCollection","Statistik_Perkembangan_COVID-19_Indonesia","name","urn:ogc:def:crs:OGC:1.3:CRS84","Feature",NA,82,"2020/05/22 00:00:00+00",20796,5057,1326,14413,634,219,48,367,24.31717638,6.376226197,69.30659742,229334,21743,148173,9359,8595,11028,47150,NA,NA,NA,NA,NA,NA,NA,NA,NA,NA,NA,"1970/01/01 00:00:00+00",61
"62","FeatureCollection","Statistik_Perkembangan_COVID-19_Indonesia","name","urn:ogc:def:crs:OGC:1.3:CRS84","Feature",NA,31,"2020/04/01 00:00:00+00",1677,103,157,1417,149,22,21,106,6.141920095,9.361955874,84.49612403,NA,7193,5516,NA,416,NA,NA,NA,NA,NA,NA,NA,NA,NA,NA,NA,NA,NA,"1970/01/01 00:00:00+00",62
"63","FeatureCollection","Statistik_Perkembangan_COVID-19_Indonesia","name","urn:ogc:def:crs:OGC:1.3:CRS84","Feature",NA,83,"2020/05/23 00:00:00+00",21745,5249,1351,15145,949,192,25,732,24.1388825,6.212922511,69.64819499,239740,176035,154290,10406,7066,11495,49958,NA,NA,NA,NA,NA,NA,NA,NA,NA,NA,NA,"1970/01/01 00:00:00+00",63
"64","FeatureCollection","Statistik_Perkembangan_COVID-19_Indonesia","name","urn:ogc:def:crs:OGC:1.3:CRS84","Feature",NA,32,"2020/04/02 00:00:00+00",1790,112,170,1508,113,9,13,91,6.25698324,9.497206704,84.24581006,NA,7425,5635,NA,232,NA,NA,NA,NA,NA,NA,NA,NA,NA,NA,NA,NA,NA,"1970/01/01 00:00:00+00",64
"65","FeatureCollection","Statistik_Perkembangan_COVID-19_Indonesia","name","urn:ogc:def:crs:OGC:1.3:CRS84","Feature",NA,84,"2020/05/24 00:00:00+00",22271,5402,1372,15497,526,153,21,352,24.25575861,6.160477751,69.58376364,248555,179964,157593,8815,3829,11389,42551,NA,NA,NA,NA,NA,NA,NA,NA,NA,NA,NA,"1970/01/01 00:00:00+00",65
"66","FeatureCollection","Statistik_Perkembangan_COVID-19_Indonesia","name","urn:ogc:def:crs:OGC:1.3:CRS84","Feature",NA,33,"2020/04/03 00:00:00+00",1986,134,181,1671,196,22,11,163,6.747230614,9.113796576,84.13897281,NA,7986,5715,NA,561,NA,NA,NA,NA,NA,NA,NA,NA,NA,NA,NA,NA,NA,"1970/01/01 00:00:00+00",66
"67","FeatureCollection","Statistik_Perkembangan_COVID-19_Indonesia","name","urn:ogc:def:crs:OGC:1.3:CRS84","Feature",NA,85,"2020/05/25 00:00:00+00",22750,5642,1391,15717,479,240,19,220,24.8,6.114285714,69.08571429,256946,183192,160442,8391,3328,12342,49361,NA,NA,NA,NA,NA,NA,NA,NA,NA,NA,NA,"1970/01/01 00:00:00+00",67
"68","FeatureCollection","Statistik_Perkembangan_COVID-19_Indonesia","name","urn:ogc:def:crs:OGC:1.3:CRS84","Feature",NA,34,"2020/04/04 00:00:00+00",2092,150,191,1751,106,16,10,80,7.170172084,9.13001912,83.6998088,NA,9712,7620,NA,1726,NA,NA,NA,NA,NA,NA,NA,NA,NA,NA,NA,NA,NA,"1970/01/01 00:00:00+00",68
"69","FeatureCollection","Statistik_Perkembangan_COVID-19_Indonesia","name","urn:ogc:def:crs:OGC:1.3:CRS84","Feature",NA,86,"2020/05/26 00:00:00+00",23165,5877,1418,15870,415,235,27,153,25.37017052,6.121303691,68.50852579,264098,188302,165137,7152,511,12022,65748,NA,NA,NA,NA,NA,NA,NA,NA,NA,NA,NA,"1970/01/01 00:00:00+00",69
"70","FeatureCollection","Statistik_Perkembangan_COVID-19_Indonesia","name","urn:ogc:def:crs:OGC:1.3:CRS84","Feature",NA,35,"2020/04/05 00:00:00+00",2273,164,198,1911,181,14,7,160,7.215134184,8.710954685,84.07391113,NA,11242,8969,NA,153,NA,NA,NA,NA,NA,NA,NA,NA,NA,NA,NA,NA,NA,"1970/01/01 00:00:00+00",70
"71","FeatureCollection","Statistik_Perkembangan_COVID-19_Indonesia","name","urn:ogc:def:crs:OGC:1.3:CRS84","Feature",NA,87,"2020/05/27 00:00:00+00",23851,6057,1473,16321,686,180,55,451,25.39516163,6.175841684,68.42899669,278411,195518,171667,14313,7216,12667,49942,NA,NA,NA,NA,NA,NA,NA,NA,NA,NA,NA,"1970/01/01 00:00:00+00",71
"72","FeatureCollection","Statistik_Perkembangan_COVID-19_Indonesia","name","urn:ogc:def:crs:OGC:1.3:CRS84","Feature",NA,36,"2020/04/06 00:00:00+00",2491,192,209,2090,218,28,11,179,7.707747892,8.390204737,83.90204737,NA,13186,10695,NA,1944,NA,NA,NA,NA,NA,NA,NA,NA,NA,NA,NA,NA,NA,"1970/01/01 00:00:00+00",72
"73","FeatureCollection","Statistik_Perkembangan_COVID-19_Indonesia","name","urn:ogc:def:crs:OGC:1.3:CRS84","Feature",NA,88,"2020/05/28 00:00:00+00",24538,6240,1496,16802,687,183,23,481,25.42994539,6.096666395,68.47338821,289906,201311,176773,11495,5793,13250,48749,NA,NA,NA,NA,NA,NA,NA,NA,NA,NA,NA,"1970/01/01 00:00:00+00",73
"74","FeatureCollection","Statistik_Perkembangan_COVID-19_Indonesia","name","urn:ogc:def:crs:OGC:1.3:CRS84","Feature",NA,37,"2020/04/07 00:00:00+00",2738,204,221,2313,247,12,12,223,7.450693937,8.071585099,84.47772096,NA,14353,11615,NA,1167,NA,NA,NA,NA,NA,NA,NA,NA,NA,NA,NA,NA,NA,"1970/01/01 00:00:00+00",74
"75","FeatureCollection","Statistik_Perkembangan_COVID-19_Indonesia","name","urn:ogc:def:crs:OGC:1.3:CRS84","Feature",NA,89,"2020/05/29 00:00:00+00",25216,6492,1520,17204,678,252,24,402,25.74555838,6.027918782,68.22652284,300545,205165,179949,10639,3854,12499,49212,NA,NA,NA,NA,NA,NA,NA,NA,NA,NA,NA,"1970/01/01 00:00:00+00",75
"76","FeatureCollection","Statistik_Perkembangan_COVID-19_Indonesia","name","urn:ogc:def:crs:OGC:1.3:CRS84","Feature",NA,38,"2020/04/08 00:00:00+00",2956,222,240,2494,218,18,19,181,7.51014885,8.119079838,84.37077131,NA,16511,13555,NA,2158,NA,NA,NA,NA,NA,NA,NA,NA,NA,NA,NA,NA,NA,"1970/01/01 00:00:00+00",76
"77","FeatureCollection","Statistik_Perkembangan_COVID-19_Indonesia","name","urn:ogc:def:crs:OGC:1.3:CRS84","Feature",NA,90,"2020/05/30 00:00:00+00",25773,7015,1573,17185,557,523,53,-19,27.21840686,6.103286385,66.67830676,311906,216769,190996,11361,11604,12832,47714,NA,NA,NA,NA,NA,NA,NA,NA,NA,NA,NA,"1970/01/01 00:00:00+00",77
"78","FeatureCollection","Statistik_Perkembangan_COVID-19_Indonesia","name","urn:ogc:def:crs:OGC:1.3:CRS84","Feature",NA,39,"2020/04/09 00:00:00+00",3293,252,280,2761,337,30,40,267,7.652596417,8.502884907,83.84451868,NA,17679,14386,NA,1168,NA,NA,NA,NA,NA,NA,NA,NA,NA,NA,NA,NA,NA,"1970/01/01 00:00:00+00",78
"79","FeatureCollection","Statistik_Perkembangan_COVID-19_Indonesia","name","urn:ogc:def:crs:OGC:1.3:CRS84","Feature",NA,91,"2020/05/31 00:00:00+00",26473,7308,1613,17552,700,293,40,367,27.60548483,6.093000416,66.30151475,323376,223624,197151,1147,6855,12913,49936,NA,NA,NA,NA,NA,NA,NA,NA,NA,NA,NA,"1970/01/01 00:00:00+00",79
"80","FeatureCollection","Statistik_Perkembangan_COVID-19_Indonesia","name","urn:ogc:def:crs:OGC:1.3:CRS84","Feature",NA,40,"2020/04/10 00:00:00+00",3512,282,306,2924,219,30,26,163,8.029612756,8.712984055,83.25740319,NA,19452,15940,NA,1773,NA,NA,NA,NA,NA,NA,NA,NA,NA,NA,NA,NA,NA,"1970/01/01 00:00:00+00",80
"81","FeatureCollection","Statistik_Perkembangan_COVID-19_Indonesia","name","urn:ogc:def:crs:OGC:1.3:CRS84","Feature",NA,92,"2020/06/01 00:00:00+00",26940,7637,1641,17662,467,329,28,110,28.34818114,6.091314031,65.56050483,333415,232113,205173,10039,8489,13120,48358,NA,NA,NA,NA,NA,NA,NA,NA,NA,NA,NA,"1970/01/01 00:00:00+00",81
"82","FeatureCollection","Statistik_Perkembangan_COVID-19_Indonesia","name","urn:ogc:def:crs:OGC:1.3:CRS84","Feature",NA,41,"2020/04/11 00:00:00+00",3842,286,327,3229,330,4,21,305,7.444039563,8.511192087,84.04476835,NA,19964,16122,NA,512,NA,NA,NA,NA,NA,NA,NA,NA,NA,NA,NA,NA,NA,"1970/01/01 00:00:00+00",82
"83","FeatureCollection","Statistik_Perkembangan_COVID-19_Indonesia","name","urn:ogc:def:crs:OGC:1.3:CRS84","Feature",NA,93,"2020/06/02 00:00:00+00",27549,7935,1663,17951,609,298,22,289,28.80322335,6.036516752,65.1602599,342464,237947,210398,9049,5834,13213,48023,NA,NA,NA,NA,NA,NA,NA,NA,NA,NA,NA,"1970/01/01 00:00:00+00",83
"84","FeatureCollection","Statistik_Perkembangan_COVID-19_Indonesia","name","urn:ogc:def:crs:OGC:1.3:CRS84","Feature",NA,42,"2020/04/12 00:00:00+00",4241,359,373,3509,399,73,46,280,8.464984673,8.795095496,82.73991983,NA,27075,22834,NA,7111,NA,NA,NA,NA,NA,NA,NA,NA,NA,NA,NA,NA,NA,"1970/01/01 00:00:00+00",84
"85","FeatureCollection","Statistik_Perkembangan_COVID-19_Indonesia","name","urn:ogc:def:crs:OGC:1.3:CRS84","Feature",NA,94,"2020/06/03 00:00:00+00",28233,8406,1698,18129,684,471,35,178,29.77366911,6.014238657,64.21209223,354434,246433,218200,1197,8486,13285,48153,NA,NA,NA,NA,NA,NA,NA,NA,NA,NA,NA,"1970/01/01 00:00:00+00",85
"86","FeatureCollection","Statistik_Perkembangan_COVID-19_Indonesia","name","urn:ogc:def:crs:OGC:1.3:CRS84","Feature",NA,43,"2020/04/13 00:00:00+00",4557,380,399,3778,316,21,26,269,8.338819399,8.755760369,82.90542023,NA,27953,23396,NA,878,NA,NA,NA,NA,NA,NA,NA,NA,NA,NA,NA,NA,NA,"1970/01/01 00:00:00+00",86
"87","FeatureCollection","Statistik_Perkembangan_COVID-19_Indonesia","name","urn:ogc:def:crs:OGC:1.3:CRS84","Feature",NA,95,"2020/06/04 00:00:00+00",28818,8892,1721,18205,585,486,23,76,30.85571518,5.971961968,63.17232285,367640,251736,222918,13206,5303,13416,47373,NA,NA,NA,NA,NA,NA,NA,NA,NA,NA,NA,"1970/01/01 00:00:00+00",87
"88","FeatureCollection","Statistik_Perkembangan_COVID-19_Indonesia","name","urn:ogc:def:crs:OGC:1.3:CRS84","Feature",NA,44,"2020/04/14 00:00:00+00",4839,426,459,3954,282,46,60,176,8.803471792,9.485430874,81.71109733,NA,31628,26789,NA,3675,10482,139137,NA,NA,NA,NA,NA,NA,NA,NA,NA,NA,NA,"1970/01/01 00:00:00+00",88
"89","FeatureCollection","Statistik_Perkembangan_COVID-19_Indonesia","name","urn:ogc:def:crs:OGC:1.3:CRS84","Feature",NA,96,"2020/06/05 00:00:00+00",29521,9443,1770,18308,703,551,49,103,31.9873988,5.995731852,62.01686935,380973,256810,227289,13333,5074,13592,49320,NA,NA,NA,NA,NA,NA,NA,NA,NA,NA,NA,"1970/01/01 00:00:00+00",89
"90","FeatureCollection","Statistik_Perkembangan_COVID-19_Indonesia","name","urn:ogc:def:crs:OGC:1.3:CRS84","Feature",NA,45,"2020/04/15 00:00:00+00",5136,446,469,4221,297,20,10,267,8.683800623,9.131619938,82.18457944,36431,33001,27865,NA,1373,11165,165549,NA,NA,NA,NA,NA,NA,NA,NA,NA,NA,NA,"1970/01/01 00:00:00+00",90
"91","FeatureCollection","Statistik_Perkembangan_COVID-19_Indonesia","name","urn:ogc:def:crs:OGC:1.3:CRS84","Feature",NA,97,"2020/06/06 00:00:00+00",30514,9907,1801,18806,993,464,31,498,32.4670643,5.902208822,61.63072688,394068,264740,234226,13095,793,13347,46571,NA,NA,NA,NA,NA,NA,NA,NA,NA,NA,NA,"1970/01/01 00:00:00+00",91
"92","FeatureCollection","Statistik_Perkembangan_COVID-19_Indonesia","name","urn:ogc:def:crs:OGC:1.3:CRS84","Feature",NA,98,"2020/06/07 00:00:00+00",31186,10498,1851,18837,672,591,50,31,33.66254088,5.935355608,60.40210351,405992,269146,237960,11924,4406,14197,40370,NA,NA,NA,NA,NA,NA,NA,NA,NA,NA,NA,"1970/01/01 00:00:00+00",92
"93","FeatureCollection","Statistik_Perkembangan_COVID-19_Indonesia","name","urn:ogc:def:crs:OGC:1.3:CRS84","Feature",NA,99,"2020/06/08 00:00:00+00",32033,10904,1883,19246,847,406,32,409,34.03989636,5.87831299,60.08179065,412980,274430,242397,6988,5284,14010,38791,NA,NA,NA,NA,NA,NA,NA,NA,NA,NA,NA,"1970/01/01 00:00:00+00",93
"94","FeatureCollection","Statistik_Perkembangan_COVID-19_Indonesia","name","urn:ogc:def:crs:OGC:1.3:CRS84","Feature",NA,100,"2020/06/09 00:00:00+00",33076,11414,1923,19739,1043,510,40,493,34.50840489,5.813883178,59.67771194,429161,281653,248577,16181,7223,14108,38394,NA,NA,NA,NA,NA,NA,NA,NA,NA,NA,NA,"1970/01/01 00:00:00+00",94
"95","FeatureCollection","Statistik_Perkembangan_COVID-19_Indonesia","name","urn:ogc:def:crs:OGC:1.3:CRS84","Feature",NA,101,"2020/06/10 00:00:00+00",34316,12129,1959,20228,1240,715,36,489,35.34502856,5.708707309,58.94626413,446918,287478,253162,17757,5826,14242,43945,NA,NA,NA,NA,NA,NA,NA,NA,NA,NA,NA,"1970/01/01 00:00:00+00",95
"96","FeatureCollection","Statistik_Perkembangan_COVID-19_Indonesia","name","urn:ogc:def:crs:OGC:1.3:CRS84","Feature",NA,102,"2020/06/11 00:00:00+00",35295,12636,2000,20659,979,507,41,431,35.80110497,5.666525004,58.53237002,463620,294671,259376,16702,7193,14052,43414,NA,NA,NA,NA,NA,NA,NA,NA,NA,NA,NA,"1970/01/01 00:00:00+00",96
"97","FeatureCollection","Statistik_Perkembangan_COVID-19_Indonesia","name","urn:ogc:def:crs:OGC:1.3:CRS84","Feature",NA,46,"2020/04/16 00:00:00+00",5516,548,496,4472,380,102,27,251,9.934735315,8.992023205,81.07324148,39706,34975,29459,3275,1974,11873,169446,NA,NA,NA,NA,NA,NA,NA,NA,NA,NA,NA,"1970/01/01 00:00:00+00",97
"98","FeatureCollection","Statistik_Perkembangan_COVID-19_Indonesia","name","urn:ogc:def:crs:OGC:1.3:CRS84","Feature",NA,47,"2020/04/17 00:00:00+00",5923,607,520,4796,407,59,24,324,10.24818504,8.779334797,80.97248016,42108,37134,31211,2402,2159,12610,173732,NA,NA,NA,NA,NA,NA,NA,NA,NA,NA,NA,"1970/01/01 00:00:00+00",98
"99","FeatureCollection","Statistik_Perkembangan_COVID-19_Indonesia","name","urn:ogc:def:crs:OGC:1.3:CRS84","Feature",NA,48,"2020/04/18 00:00:00+00",6248,631,535,5082,325,24,15,286,10.09923175,8.562740077,81.33802817,45378,39422,33174,327,2288,12979,176344,NA,NA,NA,NA,NA,NA,NA,NA,NA,NA,NA,"1970/01/01 00:00:00+00",99
"100","FeatureCollection","Statistik_Perkembangan_COVID-19_Indonesia","name","urn:ogc:def:crs:OGC:1.3:CRS84","Feature",NA,49,"2020/04/19 00:00:00+00",6575,686,582,5307,327,55,47,225,10.43346008,8.851711027,80.7148289,47478,42219,35644,21,2797,15646,178883,NA,NA,NA,NA,NA,NA,NA,NA,NA,NA,NA,"1970/01/01 00:00:00+00",100
"101","FeatureCollection","Statistik_Perkembangan_COVID-19_Indonesia","name","urn:ogc:def:crs:OGC:1.3:CRS84","Feature",NA,50,"2020/04/20 00:00:00+00",6760,747,590,5423,185,61,8,116,11.05029586,8.727810651,80.22189349,49767,43749,36989,2289,153,16343,181770,NA,NA,NA,NA,NA,NA,NA,NA,NA,NA,NA,"1970/01/01 00:00:00+00",101
"102","FeatureCollection","Statistik_Perkembangan_COVID-19_Indonesia","name","urn:ogc:def:crs:OGC:1.3:CRS84","Feature",NA,51,"2020/04/21 00:00:00+00",7135,842,616,5677,375,95,26,254,11.80098108,8.633496847,79.56552207,50370,46173,39038,603,2424,16763,186330,NA,NA,NA,NA,NA,NA,NA,NA,NA,NA,NA,"1970/01/01 00:00:00+00",102
"103","FeatureCollection","Statistik_Perkembangan_COVID-19_Indonesia","name","urn:ogc:def:crs:OGC:1.3:CRS84","Feature",NA,103,"2020/06/12 00:00:00+00",36406,13213,2048,21145,1111,577,48,486,36.29346811,5.625446355,58.08108554,478953,302147,265741,15333,7476,13923,37538,NA,NA,NA,NA,NA,NA,NA,NA,NA,NA,NA,"1970/01/01 00:00:00+00",103
"104","FeatureCollection","Statistik_Perkembangan_COVID-19_Indonesia","name","urn:ogc:def:crs:OGC:1.3:CRS84","Feature",NA,104,"2020/06/13 00:00:00+00",37420,13776,2091,21553,1014,563,43,408,36.81453768,5.587920898,57.59754142,495527,313275,275855,16574,11128,13578,42450,NA,NA,NA,NA,NA,NA,NA,NA,NA,NA,NA,"1970/01/01 00:00:00+00",104
"105","FeatureCollection","Statistik_Perkembangan_COVID-19_Indonesia","name","urn:ogc:def:crs:OGC:1.3:CRS84","Feature",NA,105,"2020/06/14 00:00:00+00",38277,14531,2134,21612,857,755,43,59,37.96274525,5.575149568,56.46210518,514287,322933,284656,18760,9658,13574,41639,NA,NA,NA,NA,NA,NA,NA,NA,NA,NA,NA,"1970/01/01 00:00:00+00",105
"106","FeatureCollection","Statistik_Perkembangan_COVID-19_Indonesia","name","urn:ogc:def:crs:OGC:1.3:CRS84","Feature",NA,106,"2020/06/15 00:00:00+00",39294,15123,2198,21973,1017,592,64,361,38.48679188,5.593729323,55.9194788,523063,329190,289896,8776,6257,13649,36744,NA,NA,NA,NA,NA,NA,NA,NA,NA,NA,NA,"1970/01/01 00:00:00+00",106
"107","FeatureCollection","Statistik_Perkembangan_COVID-19_Indonesia","name","urn:ogc:def:crs:OGC:1.3:CRS84","Feature",NA,107,"2020/06/16 00:00:00+00",40400,15703,2231,22466,1106,580,33,493,38.86881188,5.522277228,55.60891089,540115,339309,298909,17052,10119,13510,29124,NA,NA,NA,NA,NA,NA,NA,NA,NA,NA,NA,"1970/01/01 00:00:00+00",107
"108","FeatureCollection","Statistik_Perkembangan_COVID-19_Indonesia","name","urn:ogc:def:crs:OGC:1.3:CRS84","Feature",NA,108,"2020/06/17 00:00:00+00",41431,16243,2276,22912,1031,540,45,446,39.20494316,5.493471072,55.30158577,559872,348278,306847,19757,8969,13279,42714,NA,NA,NA,NA,NA,NA,NA,NA,NA,NA,NA,"1970/01/01 00:00:00+00",108
"109","FeatureCollection","Statistik_Perkembangan_COVID-19_Indonesia","name","urn:ogc:def:crs:OGC:1.3:CRS84","Feature",NA,109,"2020/06/18 00:00:00+00",42762,16798,2339,23625,1331,555,63,713,39.28254057,5.469809644,55.24764978,580522,358659,315897,20650,10381,17923,36698,NA,NA,NA,NA,NA,NA,NA,NA,NA,NA,NA,"1970/01/01 00:00:00+00",109
"110","FeatureCollection","Statistik_Perkembangan_COVID-19_Indonesia","name","urn:ogc:def:crs:OGC:1.3:CRS84","Feature",NA,110,"2020/06/19 00:00:00+00",43803,17349,2373,24081,1041,551,34,456,39.60687624,5.417437162,54.9756866,601239,366581,322778,20717,7922,13211,36464,NA,NA,NA,NA,NA,NA,NA,NA,NA,NA,NA,"1970/01/01 00:00:00+00",110
"111","FeatureCollection","Statistik_Perkembangan_COVID-19_Indonesia","name","urn:ogc:def:crs:OGC:1.3:CRS84","Feature",NA,111,"2020/06/20 00:00:00+00",45029,17883,2429,24717,1226,534,56,636,39.71440627,5.39430145,54.89129228,621156,376518,331489,19917,7877,13150,37336,NA,NA,NA,NA,NA,NA,NA,NA,NA,NA,NA,"1970/01/01 00:00:00+00",111
"112","FeatureCollection","Statistik_Perkembangan_COVID-19_Indonesia","name","urn:ogc:def:crs:OGC:1.3:CRS84","Feature",NA,112,"2020/06/21 00:00:00+00",45891,18404,2465,25022,862,521,36,305,40.10372404,5.371423591,54.52485237,639385,383105,337214,18229,8647,13225,56436,NA,NA,NA,NA,NA,NA,NA,NA,NA,NA,NA,"1970/01/01 00:00:00+00",112
"113","FeatureCollection","Statistik_Perkembangan_COVID-19_Indonesia","name","urn:ogc:def:crs:OGC:1.3:CRS84","Feature",NA,113,"2020/06/22 00:00:00+00",46845,18735,2500,25610,954,331,35,588,39.9935959,5.336748853,54.66965525,650311,393117,346272,10926,10012,12999,43500,NA,NA,NA,NA,NA,NA,NA,NA,NA,NA,NA,"1970/01/01 00:00:00+00",113
"114","FeatureCollection","Statistik_Perkembangan_COVID-19_Indonesia","name","urn:ogc:def:crs:OGC:1.3:CRS84","Feature",NA,114,"2020/06/23 00:00:00+00",47896,19241,2535,26120,1051,506,35,510,40.17245699,5.292717555,54.53482546,668219,401681,353785,17908,8564,13348,35983,NA,NA,NA,NA,NA,NA,NA,NA,NA,NA,NA,"1970/01/01 00:00:00+00",114
"115","FeatureCollection","Statistik_Perkembangan_COVID-19_Indonesia","name","urn:ogc:def:crs:OGC:1.3:CRS84","Feature",NA,115,"2020/06/24 00:00:00+00",49009,19658,2573,26778,1113,417,38,658,40.11100002,5.250056112,54.63894387,689452,413919,364910,21233,12238,13069,36648,NA,NA,NA,NA,NA,NA,NA,NA,NA,NA,NA,"1970/01/01 00:00:00+00",115
"116","FeatureCollection","Statistik_Perkembangan_COVID-19_Indonesia","name","urn:ogc:def:crs:OGC:1.3:CRS84","Feature",NA,116,"2020/06/25 00:00:00+00",50187,20449,2620,27118,1178,791,47,340,40.74561141,5.220475422,54.03391316,708962,427158,376971,19510,13239,13323,37294,NA,NA,NA,NA,NA,NA,NA,NA,NA,NA,NA,"1970/01/01 00:00:00+00",116
"117","FeatureCollection","Statistik_Perkembangan_COVID-19_Indonesia","name","urn:ogc:def:crs:OGC:1.3:CRS84","Feature",NA,117,"2020/06/26 00:00:00+00",51427,21333,2683,27411,1240,884,63,293,41.48210084,5.217103856,53.3007953,731781,439907,388480,22819,12749,13506,38381,NA,NA,NA,NA,NA,NA,NA,NA,NA,NA,NA,"1970/01/01 00:00:00+00",117
"118","FeatureCollection","Statistik_Perkembangan_COVID-19_Indonesia","name","urn:ogc:def:crs:OGC:1.3:CRS84","Feature",NA,118,"2020/06/27 00:00:00+00",52812,21909,2720,28183,1385,576,37,772,41.4848898,5.150344619,53.36476558,753370,449569,396757,21589,9662,13522,40541,NA,NA,NA,NA,NA,NA,NA,NA,NA,NA,NA,"1970/01/01 00:00:00+00",118
"119","FeatureCollection","Statistik_Perkembangan_COVID-19_Indonesia","name","urn:ogc:def:crs:OGC:1.3:CRS84","Feature",NA,119,"2020/06/28 00:00:00+00",54010,22936,2754,28320,1198,1027,34,137,42.46620996,5.09905573,52.43473431,770600,456636,402626,17230,7067,14712,47658,NA,NA,NA,NA,NA,NA,NA,NA,NA,NA,NA,"1970/01/01 00:00:00+00",119
"120","FeatureCollection","Statistik_Perkembangan_COVID-19_Indonesia","name","urn:ogc:def:crs:OGC:1.3:CRS84","Feature",NA,120,"2020/06/29 00:00:00+00",55092,23800,2805,28487,1082,864,51,167,43.20046468,5.091483337,51.70805199,782383,465683,410591,11783,9047,13335,41605,NA,NA,NA,NA,NA,NA,NA,NA,NA,NA,NA,"1970/01/01 00:00:00+00",120
"121","FeatureCollection","Statistik_Perkembangan_COVID-19_Indonesia","name","urn:ogc:def:crs:OGC:1.3:CRS84","Feature",NA,121,"2020/06/30 00:00:00+00",56385,24806,2876,28703,1293,1006,71,216,43.99397003,5.100647335,50.90538264,803896,477318,420933,21515,11636,13182,43797,NA,NA,NA,NA,NA,NA,NA,NA,NA,NA,NA,"1970/01/01 00:00:00+00",121
"122","FeatureCollection","Statistik_Perkembangan_COVID-19_Indonesia","name","urn:ogc:def:crs:OGC:1.3:CRS84","Feature",NA,122,"2020/07/01 00:00:00+00",57770,25595,2934,29241,1385,789,58,538,44305,5079,50616,825636,492318,434548,21738,15000,13296,45192,NA,NA,NA,NA,NA,NA,NA,NA,NA,NA,NA,"1970/01/01 00:00:00+00",122
"123","FeatureCollection","Statistik_Perkembangan_COVID-19_Indonesia","name","urn:ogc:def:crs:OGC:1.3:CRS84","Feature",NA,123,"2020/07/02 00:00:00+00",59394,26667,2987,29740,1624,1072,53,499,44898,5029,50072,849155,503132,443738,23519,10814,13359,40778,NA,NA,NA,NA,NA,NA,NA,NA,NA,NA,NA,"1970/01/01 00:00:00+00",123
"124","FeatureCollection","Statistik_Perkembangan_COVID-19_Indonesia","name","urn:ogc:def:crs:OGC:1.3:CRS84","Feature",NA,124,"2020/07/03 00:00:00+00",60695,27568,3036,30091,1301,901,49,351,45421,5002,49577,871436,519970,459275,22281,16838,13609,38767,NA,NA,NA,NA,NA,NA,NA,NA,NA,NA,NA,"1970/01/01 00:00:00+00",124
"125","FeatureCollection","Statistik_Perkembangan_COVID-19_Indonesia","name","urn:ogc:def:crs:OGC:1.3:CRS84","Feature",NA,125,"2020/07/04 00:00:00+00",62142,28219,3089,30834,1447,651,53,743,45411,4971,49619,894428,529669,467257,22992,9699,14205,38890,NA,NA,NA,NA,NA,NA,NA,NA,NA,NA,NA,"1970/01/01 00:00:00+00",125
"126","FeatureCollection","Statistik_Perkembangan_COVID-19_Indonesia","name","urn:ogc:def:crs:OGC:1.3:CRS84","Feature",NA,126,"2020/07/05 00:00:00+00",63749,29105,3171,31473,1607,886,82,639,45656,4974,49370,915482,540175,476426,21045,10506,13767,39928,NA,NA,NA,NA,NA,NA,NA,NA,NA,NA,NA,"1970/01/01 00:00:00+00",126
"127","FeatureCollection","Statistik_Perkembangan_COVID-19_Indonesia","name","urn:ogc:def:crs:OGC:1.3:CRS84","Feature",NA,127,"2020/07/06 00:00:00+00",64958,29919,3241,31798,1209,814,70,325,46059,4989,48952,928238,552084,487126,12756,11909,13360,38748,NA,NA,NA,NA,NA,NA,NA,NA,NA,NA,NA,"1970/01/01 00:00:00+00",127
"128","FeatureCollection","Statistik_Perkembangan_COVID-19_Indonesia","name","urn:ogc:def:crs:OGC:1.3:CRS84","Feature",NA,128,"2020/07/07 00:00:00+00",66226,30785,3309,32132,1268,866,68,334,46485,4997,48519,946054,562759,496533,17816,10675,13471,38702,NA,NA,NA,NA,NA,NA,NA,NA,NA,NA,NA,"1970/01/01 00:00:00+00",128
"129","FeatureCollection","Statistik_Perkembangan_COVID-19_Indonesia","name","urn:ogc:def:crs:OGC:1.3:CRS84","Feature",NA,129,"2020/07/08 00:00:00+00",68079,31585,3359,33135,1853,800,50,1003,46395,4934,48671,968237,581594,507447,22183,12777,13636,38498,NA,NA,NA,NA,NA,NA,NA,NA,NA,NA,NA,"1970/01/01 00:00:00+00",129
"130","FeatureCollection","Statistik_Perkembangan_COVID-19_Indonesia","name","urn:ogc:def:crs:OGC:1.3:CRS84","Feature",NA,130,"2020/07/09 00:00:00+00",70736,32651,3417,34668,2657,1066,58,1533,46159,4831,49010,992069,588080,517344,23832,12554,13732,38498,NA,NA,NA,NA,NA,NA,NA,NA,NA,NA,NA,"1970/01/01 00:00:00+00",130
"131","FeatureCollection","Statistik_Perkembangan_COVID-19_Indonesia","name","urn:ogc:def:crs:OGC:1.3:CRS84","Feature",NA,131,"2020/07/10 00:00:00+00",72347,33529,3469,35349,1611,878,52,681,46345,4795,48860,1015678,597468,525121,23609,9388,13882,38705,NA,NA,NA,NA,NA,NA,NA,NA,NA,NA,NA,"1970/01/01 00:00:00+00",131
"132","FeatureCollection","Statistik_Perkembangan_COVID-19_Indonesia","name","urn:ogc:def:crs:OGC:1.3:CRS84","Feature",NA,132,"2020/07/11 00:00:00+00",74018,34719,3535,35764,1671,1190,66,415,46906,4776,48318,1038988,610093,536075,23310,12625,13752,34887,NA,NA,NA,NA,NA,NA,NA,NA,NA,NA,NA,"1970/01/01 00:00:00+00",132
"133","FeatureCollection","Statistik_Perkembangan_COVID-19_Indonesia","name","urn:ogc:def:crs:OGC:1.3:CRS84","Feature",NA,133,"2020/07/12 00:00:00+00",75699,35638,3606,36455,1681,919,71,691,47079,4764,48158,1061367,621087,545388,22379,10994,14515,34486,NA,NA,NA,NA,NA,NA,NA,NA,NA,NA,NA,"1970/01/01 00:00:00+00",133
"134","FeatureCollection","Statistik_Perkembangan_COVID-19_Indonesia","name","urn:ogc:def:crs:OGC:1.3:CRS84","Feature",NA,134,"2020/07/13 00:00:00+00",76981,36689,3656,36636,1282,1051,50,181,47660,4749,47591,1074467,630149,553168,13100,9062,13439,33504,NA,NA,NA,NA,NA,NA,NA,NA,NA,NA,NA,"1970/01/01 00:00:00+00",134
"135","FeatureCollection","Statistik_Perkembangan_COVID-19_Indonesia","name","urn:ogc:def:crs:OGC:1.3:CRS84","Feature",NA,135,"2020/07/14 00:00:00+00",78572,37636,3710,37226,1591,947,54,590,47900,4722,47378,1097468,642164,563592,23001,12015,NA,NA,NA,NA,NA,NA,NA,NA,NA,NA,NA,NA,NA,"1970/01/01 00:00:00+00",135
"136","FeatureCollection","Statistik_Perkembangan_COVID-19_Indonesia","name","urn:ogc:def:crs:OGC:1.3:CRS84","Feature",NA,136,"2020/07/15 00:00:00+00",80094,39050,3797,37247,1522,1414,87,21,48755,4741,46504,1122339,657655,577561,24871,15491,NA,NA,NA,NA,NA,NA,NA,NA,NA,NA,NA,NA,NA,"1970/01/01 00:00:00+00",136
"137","FeatureCollection","Statistik_Perkembangan_COVID-19_Indonesia","name","urn:ogc:def:crs:OGC:1.3:CRS84","Feature",NA,137,"2020/07/16 00:00:00+00",81668,40345,3873,37450,1574,1295,76,203,49401,4742,45856,1146794,669811,588143,23947,12156,NA,NA,NA,NA,NA,NA,NA,NA,NA,NA,NA,NA,NA,"1970/01/01 00:00:00+00",137
"138","FeatureCollection","Statistik_Perkembangan_COVID-19_Indonesia","name","urn:ogc:def:crs:OGC:1.3:CRS84","Feature",NA,138,"2020/07/17 00:00:00+00",83130,41834,3957,37339,1462,1489,84,-111,50324,4760,44916,1175462,683805,600675,29176,13994,NA,NA,NA,NA,NA,NA,NA,NA,NA,NA,NA,NA,NA,"1970/01/01 00:00:00+00",138
"139","FeatureCollection","Statistik_Perkembangan_COVID-19_Indonesia","name","urn:ogc:def:crs:OGC:1.3:CRS84","Feature",NA,139,"2020/07/18 00:00:00+00",84882,43268,4016,37598,1752,1434,59,259,50974,4731,44294,1201014,697043,612161,25552,13238,NA,NA,NA,NA,NA,NA,NA,NA,NA,NA,NA,NA,NA,"1970/01/01 00:00:00+00",139
"140","FeatureCollection","Statistik_Perkembangan_COVID-19_Indonesia","name","urn:ogc:def:crs:OGC:1.3:CRS84","Feature",NA,140,"2020/07/19 00:00:00+00",86521,45401,4143,36977,1639,2133,127,-621,52474,4788,42738,1221518,707238,620717,20504,10195,NA,NA,NA,NA,NA,NA,NA,NA,NA,NA,NA,NA,NA,"1970/01/01 00:00:00+00",140
"141","FeatureCollection","Statistik_Perkembangan_COVID-19_Indonesia","name","urn:ogc:def:crs:OGC:1.3:CRS84","Feature",NA,141,"2020/07/20 00:00:00+00",88214,46977,4239,36998,1693,1576,96,21,53253,4805,41941,1235545,720497,632283,14027,13259,NA,NA,NA,NA,NA,NA,NA,NA,NA,NA,NA,NA,NA,"1970/01/01 00:00:00+00",141
"142","FeatureCollection","Statistik_Perkembangan_COVID-19_Indonesia","name","urn:ogc:def:crs:OGC:1.3:CRS84","Feature",NA,142,"2020/07/21 00:00:00+00",89869,48466,4320,37083,1655,1489,81,85,53930,4807,41263,1257807,737844,647975,22262,17347,NA,NA,NA,NA,NA,NA,NA,NA,NA,NA,NA,NA,NA,"1970/01/01 00:00:00+00",142
"143","FeatureCollection","Statistik_Perkembangan_COVID-19_Indonesia","name","urn:ogc:def:crs:OGC:1.3:CRS84","Feature",NA,143,"2020/07/22 00:00:00+00",91751,50255,4459,37031,1882,1789,139,-52,54780,4860,40360,1283109,749626,657875,25302,11782,NA,NA,NA,NA,NA,NA,NA,NA,NA,NA,NA,NA,NA,"1970/01/01 00:00:00+00",143
"144","FeatureCollection","Statistik_Perkembangan_COVID-19_Indonesia","name","urn:ogc:def:crs:OGC:1.3:CRS84","Feature",NA,144,"2020/07/23 00:00:00+00",93657,52164,4576,36917,1906,1909,117,-120,55697,4886,39417,1310924,762957,669300,27815,13331,NA,NA,NA,NA,NA,NA,NA,NA,NA,NA,NA,NA,NA,"1970/01/01 00:00:00+00",144
"145","FeatureCollection","Statistik_Perkembangan_COVID-19_Indonesia","name","urn:ogc:def:crs:OGC:1.3:CRS84","Feature",NA,145,"2020/07/24 00:00:00+00",95418,53945,4665,36808,1761,1781,89,-109,56535,4889,38576,1335889,777100,681682,24965,14143,NA,NA,NA,NA,NA,NA,NA,NA,NA,NA,NA,NA,NA,"1970/01/01 00:00:00+00",145
"146","FeatureCollection","Statistik_Perkembangan_COVID-19_Indonesia","name","urn:ogc:def:crs:OGC:1.3:CRS84","Feature",NA,146,"2020/07/25 00:00:00+00",97286,55354,4714,37218,1868,1409,49,410,56898,4846,38256,1361207,789258,691972,25318,12158,NA,NA,NA,NA,NA,NA,NA,NA,NA,NA,NA,NA,NA,"1970/01/01 00:00:00+00",146
"147","FeatureCollection","Statistik_Perkembangan_COVID-19_Indonesia","name","urn:ogc:def:crs:OGC:1.3:CRS84","Feature",NA,147,"2020/07/26 00:00:00+00",98778,56655,4781,37342,1492,1301,67,124,57356,4840,37804,1381699,796950,698172,20492,7692,NA,NA,NA,NA,NA,NA,NA,NA,NA,NA,NA,NA,NA,"1970/01/01 00:00:00+00",147
"148","FeatureCollection","Statistik_Perkembangan_COVID-19_Indonesia","name","urn:ogc:def:crs:OGC:1.3:CRS84","Feature",NA,148,"2020/07/27 00:00:00+00",100303,58173,4838,37292,1525,1518,57,-50,57997,4823,37179,1394759,807946,707643,13060,10996,NA,NA,NA,NA,NA,NA,NA,NA,NA,NA,NA,NA,NA,"1970/01/01 00:00:00+00",148
"149","FeatureCollection","Statistik_Perkembangan_COVID-19_Indonesia","name","urn:ogc:def:crs:OGC:1.3:CRS84","Feature",NA,149,"2020/07/28 00:00:00+00",NA,NA,NA,NA,NA,NA,NA,NA,NA,NA,NA,NA,NA,NA,NA,NA,NA,NA,NA,NA,NA,NA,NA,NA,NA,NA,NA,NA,NA,"1970/01/01 00:00:00+00",149
"150","FeatureCollection","Statistik_Perkembangan_COVID-19_Indonesia","name","urn:ogc:def:crs:OGC:1.3:CRS84","Feature",NA,150,"2020/07/29 00:00:00+00",NA,NA,NA,NA,NA,NA,NA,NA,NA,NA,NA,NA,NA,NA,NA,NA,NA,NA,NA,NA,NA,NA,NA,NA,NA,NA,NA,NA,NA,"1970/01/01 00:00:00+00",150
"151","FeatureCollection","Statistik_Perkembangan_COVID-19_Indonesia","name","urn:ogc:def:crs:OGC:1.3:CRS84","Feature",NA,151,"2020/07/30 00:00:00+00",NA,NA,NA,NA,NA,NA,NA,NA,NA,NA,NA,NA,NA,NA,NA,NA,NA,NA,NA,NA,NA,NA,NA,NA,NA,NA,NA,NA,NA,"1970/01/01 00:00:00+00",151
"152","FeatureCollection","Statistik_Perkembangan_COVID-19_Indonesia","name","urn:ogc:def:crs:OGC:1.3:CRS84","Feature",NA,152,"2020/07/31 00:00:00+00",NA,NA,NA,NA,NA,NA,NA,NA,NA,NA,NA,NA,NA,NA,NA,NA,NA,NA,NA,NA,NA,NA,NA,NA,NA,NA,NA,NA,NA,"1970/01/01 00:00:00+00",152
